name,category,city,address,court_count,lights,access,hours,phone,reserve_url,info_url,directions_url,notes,lat,lng,map_accuracy,id
La Cienega Tennis Center,pay,Beverly Hills,"325 S. La Cienega Blvd., Beverly Hills, CA 90211",13,yes,Advance reservation and tennis/pickleball membership required; current booking uses Playbypoint.,Daily 7 AM–10 PM.,(310) 285-6825,https://beverlyhills.org/1804/Tennis-and-Pickleball-Program-Updates,https://beverlyhills.org/540/Tennis-Pickleball,https://www.google.com/maps/search/?api=1&query=325+S.+La+Cienega+Blvd.%2C+Beverly+Hills%2C+CA+90211,,,,pending address/facility match,pay-la-cienega-tennis-center
Roxbury Park Tennis Courts,pay,Beverly Hills,"401 S. Roxbury Dr., Beverly Hills, CA 90212",3,yes,Advance reservation and tennis/pickleball membership required; current booking uses Playbypoint.,Mon–Thu 7 AM–10 PM; Fri–Sun 7 AM–6 PM.,(310) 285-6829,https://beverlyhills.org/1804/Tennis-and-Pickleball-Program-Updates,https://beverlyhills.org/540/Tennis-Pickleball,https://www.google.com/maps/search/?api=1&query=401+S.+Roxbury+Dr.%2C+Beverly+Hills%2C+CA+90212,,,,pending address/facility match,pay-roxbury-park-tennis-courts
Balboa Courts,pay,Burbank,"17015 Burbank Blvd., Encino, CA 91316",,unknown,Paid court facility. Check the official LA City tennis page for current booking procedures and availability.,Mon–Fri 8 AM–12 PM & 5 PM–9 PM; Sat/Sun & Holidays 8 AM–7 PM,(818) 995-6570,https://www.laparks.org/sports/tennis/pay,https://www.laparks.org/sports/tennis,https://www.google.com/maps/search/?api=1&query=17015+Burbank+Blvd.%2C+Encino%2C+CA+91316,,,,pending address/facility match,pay-balboa-courts
Recreation Park Tennis Courts,pay,El Segundo,"401 Sheldon St., El Segundo, CA 90245",,unknown,Court rental requests are handled through the city reservation process.,,,https://www.elsegundo.org/Home/Components/ServiceDirectory/ServiceDirectory/397/268948,https://www.elsegundo.org/visiting/parks,https://www.google.com/maps/search/?api=1&query=401+Sheldon+St.%2C+El+Segundo%2C+CA+90245,,,,pending address/facility match,pay-recreation-park-tennis-courts
Washington Park Tennis Courts,pay,El Segundo,"760 W. Acacia Ave., El Segundo, CA 90245",,unknown,Court rental requests are handled through the city reservation process.,,,https://www.elsegundo.org/Home/Components/ServiceDirectory/ServiceDirectory/397/268948,https://www.elsegundo.org/visiting/parks,https://www.google.com/maps/search/?api=1&query=760+W.+Acacia+Ave.%2C+El+Segundo%2C+CA+90245,,,,pending address/facility match,pay-washington-park-tennis-courts
Fremont Tennis Courts,pay,Glendale,"600 Hahn Ave., Glendale, CA 91203",8,yes,Paid/reservable through Glendale Tennis Academy.,,,https://www.glendaleca.gov/government/departments/community-services-parks/parks-facilities-historic-sites/parks-facilities-reservations/other-reservable-facilities,https://www.glendaleca.gov/government/departments/community-services-parks/parks-facilities-historic-sites/athletic-amenities,https://www.google.com/maps/search/?api=1&query=600+Hahn+Ave.%2C+Glendale%2C+CA+91203,,34.1499927,-118.2643132,verified facility coordinate,pay-fremont-tennis-courts
Glorietta Tennis Courts,pay,Glendale,"2801 N. Verdugo Rd., Glendale, CA 91208",,yes,Paid/reservable through the listed operator.,,,https://www.glendaleca.gov/government/departments/community-services-parks/parks-facilities-historic-sites/parks-facilities-reservations/other-reservable-facilities,https://www.glendaleca.gov/government/departments/community-services-parks/parks-facilities-historic-sites/athletic-amenities,https://www.google.com/maps/search/?api=1&query=2801+N.+Verdugo+Rd.%2C+Glendale%2C+CA+91208,,34.1880613,-118.2267409,verified facility coordinate,pay-glorietta-tennis-courts
Scholl Canyon Golf & Tennis Center,pay,Glendale,"3800 E. Glenoaks Blvd., Glendale, CA 91206",,yes,Paid/reservable through the listed operator.,,,https://www.glendaleca.gov/government/departments/community-services-parks/parks-facilities-historic-sites/parks-facilities-reservations/other-reservable-facilities,https://www.glendaleca.gov/government/departments/community-services-parks/parks-facilities-historic-sites/athletic-amenities,https://www.google.com/maps/search/?api=1&query=3800+E.+Glenoaks+Blvd.%2C+Glendale%2C+CA+91206,,34.1589551,-118.1971625,verified facility coordinate,pay-scholl-canyon-golf-tennis-center
Hermosa Beach Community Center Tennis Courts,pay,Hermosa Beach,"710 Pier Ave., Hermosa Beach, CA 90254",6,unknown,Free-play periods are available; reservations require the resident Tennis Membership Program.,,(310) 318-0280,https://apm.activecommunities.com/cityofhermosabeach,https://www.hermosabeach.gov/Home/Components/FacilityDirectory/FacilityDirectory/131/248,https://www.google.com/maps/search/?api=1&query=710+Pier+Ave.%2C+Hermosa+Beach%2C+CA+90254,,,,pending address/facility match,pay-hermosa-beach-community-center-tennis-courts
Billie Jean King Tennis Center,pay,Long Beach,"1040 Park Ave., Long Beach, CA 90804",8,yes,Paid court reservations available up to one week in advance.,,(562) 438-8509,https://www.longbeach.gov/park/park-and-facilities/directory/billie-jean-king-tennis-center/,https://www.longbeach.gov/park/park-and-facilities/directory/billie-jean-king-tennis-center/,https://www.google.com/maps/search/?api=1&query=1040+Park+Ave.%2C+Long+Beach%2C+CA+90804,,,,pending address/facility match,pay-billie-jean-king-tennis-center
El Dorado Tennis Center,pay,Long Beach,"2800 Studebaker Rd., Long Beach, CA 90815",15,yes,Paid court reservations; contact the center for current availability and fees.,,(562) 425-0553,https://www.longbeach.gov/park/park-and-facilities/directory/el-dorado-tennis-center/,https://www.longbeach.gov/park/park-and-facilities/directory/el-dorado-tennis-center/,https://www.google.com/maps/search/?api=1&query=2800+Studebaker+Rd.%2C+Long+Beach%2C+CA+90815,,,,pending address/facility match,pay-el-dorado-tennis-center
Cheviot Hills Courts,pay,Los Angeles,"2551 Motor Ave., Los Angeles, CA 90064",,unknown,Paid court facility. Check the official LA City tennis page for current booking procedures and availability.,Mon–Fri 8 AM–10 PM; Sat/Sun & Holidays 8 AM–7 PM,(310) 836-8879,https://www.laparks.org/sports/tennis/pay,https://www.laparks.org/sports/tennis,https://www.google.com/maps/search/?api=1&query=2551+Motor+Ave.%2C+Los+Angeles%2C+CA+90064,,,,pending address/facility match,pay-cheviot-hills-courts
Poinsettia Courts,pay,Los Angeles,"7341 Willoughby Ave., Los Angeles, CA 90046",,unknown,Paid court facility. Check the official LA City tennis page for current booking procedures and availability.,Mon–Fri 8 AM–12 PM & 5 PM–9 PM; Sat/Sun & Holidays 8 AM–7 PM,(323) 644-3536,https://www.laparks.org/sports/tennis/pay,https://www.laparks.org/sports/tennis,https://www.google.com/maps/search/?api=1&query=7341+Willoughby+Ave.%2C+Los+Angeles%2C+CA+90046,,,,pending address/facility match,pay-poinsettia-courts
Riverside Courts (Griffith),pay,Los Angeles,"3401 Riverside Drive, Los Angeles, CA 90027",,unknown,Paid court facility. Check the official LA City tennis page for current booking procedures and availability.,Mon–Fri 8 AM–12 PM & 5 PM–9 PM; Sat/Sun & Holidays 8 AM–7 PM,(323) 661-5318,https://www.laparks.org/sports/tennis/pay,https://www.laparks.org/sports/tennis,https://www.google.com/maps/search/?api=1&query=3401+Riverside+Drive%2C+Los+Angeles%2C+CA+90027,,,,pending address/facility match,pay-riverside-courts-griffith
Van Nuys / Sherman Oaks Courts,pay,Los Angeles,"14201 Huston Street, Van Nuys, CA 91423",,unknown,Paid court facility. Check the official LA City tennis page for current booking procedures and availability.,Mon–Fri 8 AM–12 PM & 5 PM–9 PM; Sat/Sun & Holidays 8 AM–7 PM,(818) 756-8400,https://www.laparks.org/sports/tennis/pay,https://www.laparks.org/sports/tennis,https://www.google.com/maps/search/?api=1&query=14201+Huston+Street%2C+Van+Nuys%2C+CA+91423,,,,pending address/facility match,pay-van-nuys-sherman-oaks-courts
Vermont Canyon Courts (Griffith),pay,Los Angeles,"2715 Vermont Cyn., Los Angeles, CA 90027",,no,Paid court facility. Check the official LA City tennis page for current booking procedures and availability.,Mon–Fri 8 AM–5 PM; Sat/Sun & Holidays 8 AM–5 PM,(323) 664-3521,https://www.laparks.org/sports/tennis/pay,https://www.laparks.org/sports/tennis,https://www.google.com/maps/search/?api=1&query=2715+Vermont+Cyn.%2C+Los+Angeles%2C+CA+90027,Non-lighted facility,,,pending address/facility match,pay-vermont-canyon-courts-griffith
Westchester Courts,pay,Los Angeles,"7000 W. Manchester Ave., Los Angeles, CA 90045",,unknown,Paid court facility. Check the official LA City tennis page for current booking procedures and availability.,Mon–Fri 5 PM–9 PM; Sat/Sun & Holidays 8 AM–7 PM,(323) 644-3536,https://www.laparks.org/sports/tennis/pay,https://www.laparks.org/sports/tennis,https://www.google.com/maps/search/?api=1&query=7000+W.+Manchester+Ave.%2C+Los+Angeles%2C+CA+90045,,,,pending address/facility match,pay-westchester-courts
Westwood Courts,pay,Los Angeles,"1350 Sepulveda Blvd., Los Angeles, CA 90024",,unknown,Paid court facility. Check the official LA City tennis page for current booking procedures and availability.,Mon–Fri 5 PM–9 PM; Sat/Sun & Holidays 8 AM–7 PM,(310) 575-8299,https://www.laparks.org/sports/tennis/pay,https://www.laparks.org/sports/tennis,https://www.google.com/maps/search/?api=1&query=1350+Sepulveda+Blvd.%2C+Los+Angeles%2C+CA+90024,,,,pending address/facility match,pay-westwood-courts
Live Oak Park Tennis Courts,pay,Manhattan Beach,"1901 Valley Dr., Manhattan Beach, CA 90266",6,yes,Online reservation required; resident and nonresident hourly rates apply.,Reservation hours vary by day; see booking page.,(310) 802-5448,https://www.courts.manhattanbeach.gov/,https://www.manhattanbeach.gov/departments/parks-and-recreation/tennis,https://www.google.com/maps/search/?api=1&query=1901+Valley+Dr.%2C+Manhattan+Beach%2C+CA+90266,,,,pending address/facility match,pay-live-oak-park-tennis-courts
Manhattan Heights Park Tennis Courts,pay,Manhattan Beach,"1600 Manhattan Beach Blvd., Manhattan Beach, CA 90266",2,yes,Online reservation required; resident and nonresident hourly rates apply.,Generally 8 AM–8 PM; reservations required.,(310) 802-5448,https://www.courts.manhattanbeach.gov/,https://www.manhattanbeach.gov/departments/parks-and-recreation/tennis,https://www.google.com/maps/search/?api=1&query=1600+Manhattan+Beach+Blvd.%2C+Manhattan+Beach%2C+CA+90266,,,,pending address/facility match,pay-manhattan-heights-park-tennis-courts
Mira Costa High School Tennis Courts,pay,Manhattan Beach,"1401 Artesia Blvd., Manhattan Beach, CA 90266",10,yes,Online reservation required; resident and nonresident hourly rates apply.,Public reservation hours are outside school use; see booking page.,(310) 802-5448,https://www.courts.manhattanbeach.gov/,https://www.manhattanbeach.gov/departments/parks-and-recreation/tennis,https://www.google.com/maps/search/?api=1&query=1401+Artesia+Blvd.%2C+Manhattan+Beach%2C+CA+90266,,,,pending address/facility match,pay-mira-costa-high-school-tennis-courts
Alta Vista Racquet Center,pay,Redondo Beach,"715 Julia Ave., Redondo Beach, CA 90277",7,yes,Annual membership and hourly court-use fees apply; reserve online or by phone.,,(310) 318-0670,https://www.redondo.org/departments/community_services/recreation_facilities/index.php,https://www.redondo.org/business_detail_T14_R115.php,https://www.google.com/maps/search/?api=1&query=715+Julia+Ave.%2C+Redondo+Beach%2C+CA+90277,,,,pending address/facility match,pay-alta-vista-racquet-center
Christine Emerson Reed Park Tennis Courts,pay,Santa Monica,"1133 7th St., Santa Monica, CA 90401",6,yes,Reservable paid courts through the city tennis system.,,,https://www.santamonica.gov/process-explainers/how-to-reserve-a-tennis-court,https://www.santamonica.gov/programs/tennis,https://www.google.com/maps/search/?api=1&query=1133+7th+St.%2C+Santa+Monica%2C+CA+90401,,,,pending address/facility match,pay-christine-emerson-reed-park-tennis-courts
Ocean View Park Tennis Courts,pay,Santa Monica,"2701 Barnard Way, Santa Monica, CA 90405",6,no,Weekend reservations available through the city system; check current rules.,,,https://www.santamonica.gov/process-explainers/how-to-reserve-a-tennis-court,https://www.santamonica.gov/programs/tennis,https://www.google.com/maps/search/?api=1&query=2701+Barnard+Way%2C+Santa+Monica%2C+CA+90405,,,,pending address/facility match,pay-ocean-view-park-tennis-courts
Plummer Park Tennis Courts,pay,West Hollywood,"1200 N. Vista St., West Hollywood, CA 90046",7,yes,Paid reservations; residents receive a longer advance-booking window.,,(323) 380-7088,https://www.weho.org/community/recreation-services/tennis,https://www.weho.org/community/recreation-services/tennis,https://www.google.com/maps/search/?api=1&query=1200+N.+Vista+St.%2C+West+Hollywood%2C+CA+90046,,,,pending address/facility match,pay-plummer-park-tennis-courts
West Hollywood Park Rooftop Tennis Courts,pay,West Hollywood,"625 N. San Vicente Blvd., West Hollywood, CA 90069",3,yes,Paid reservations; residents receive a longer advance-booking window.,,(323) 848-6534,https://www.weho.org/community/recreation-services/tennis,https://www.weho.org/community/recreation-services/tennis,https://www.google.com/maps/search/?api=1&query=625+N.+San+Vicente+Blvd.%2C+West+Hollywood%2C+CA+90069,,,,pending address/facility match,pay-west-hollywood-park-rooftop-tennis-courts
Alhambra Park Tennis Courts,open,Alhambra,"500 N. Palm Ave., Alhambra, CA 91801",,unknown,Casual public use; organized/group court rentals may require contacting Parks & Recreation.,,,https://www.cityofalhambra.org/294/Parks-Recreation,https://www.cityofalhambra.org/Facilities/Facility/Details/Alhambra-Park-15,https://www.google.com/maps/search/?api=1&query=500+N.+Palm+Ave.%2C+Alhambra%2C+CA+91801,,,,pending address/facility match,open-alhambra-park-tennis-courts
Story Park Tennis Courts,open,Alhambra,"210 N. Chapel Ave., Alhambra, CA 91801",,unknown,Casual public use; organized/group court rentals may require contacting Parks & Recreation.,,,https://www.cityofalhambra.org/294/Parks-Recreation,https://www.cityofalhambra.org/facilities/facility/details/Story-Park-23,https://www.google.com/maps/search/?api=1&query=210+N.+Chapel+Ave.%2C+Alhambra%2C+CA+91801,,,,pending address/facility match,open-story-park-tennis-courts
Brace Canyon Park,open,Burbank,"2901 Haven Way, Burbank, CA 91504",,yes,First-come public drop-in; public reservations are not available.,Public drop-in generally 7 AM–10 PM.,,https://www.burbankca.gov/web/parks-recreation/park-permits,https://www.burbankca.gov/web/parks-recreation/drop-in-sports,https://www.google.com/maps/search/?api=1&query=2901+Haven+Way%2C+Burbank%2C+CA+91504,,,,pending address/facility match,open-brace-canyon-park
Burbank Tennis Center at McCambridge Park,open,Burbank,"1515 N. Glenoaks Blvd., Burbank, CA 91504",,yes,First-come public drop-in; public reservations are not available.,Public drop-in except during programmed use.,,https://www.burbankca.gov/web/parks-recreation/park-permits,https://www.burbankca.gov/web/parks-recreation/drop-in-sports,https://www.google.com/maps/search/?api=1&query=1515+N.+Glenoaks+Blvd.%2C+Burbank%2C+CA+91504,,,,pending address/facility match,open-burbank-tennis-center-at-mccambridge-park
George Izay Park,open,Burbank,"1111 W. Olive Ave., Burbank, CA 91506",,unknown,First-come public drop-in; public reservations are not available.,Check the posted George Izay schedule.,,https://www.burbankca.gov/web/parks-recreation/park-permits,https://www.burbankca.gov/web/parks-recreation/drop-in-sports,https://www.google.com/maps/search/?api=1&query=1111+W.+Olive+Ave.%2C+Burbank%2C+CA+91506,,,,pending address/facility match,open-george-izay-park
Mountain View Park,open,Burbank,"1401 W. Riverside Dr., Burbank, CA 91506",,yes,First-come public drop-in; public reservations are not available.,Public drop-in generally 7 AM–10 PM.,,https://www.burbankca.gov/web/parks-recreation/park-permits,https://www.burbankca.gov/web/parks-recreation/drop-in-sports,https://www.google.com/maps/search/?api=1&query=1401+W.+Riverside+Dr.%2C+Burbank%2C+CA+91506,,,,pending address/facility match,open-mountain-view-park
Verdugo Park,open,Burbank,"3201 W. Verdugo Ave., Burbank, CA 91505",,yes,First-come public drop-in; public reservations are not available.,Public drop-in generally 7 AM–10 PM.,,https://www.burbankca.gov/web/parks-recreation/park-permits,https://www.burbankca.gov/web/parks-recreation/drop-in-sports,https://www.google.com/maps/search/?api=1&query=3201+W.+Verdugo+Ave.%2C+Burbank%2C+CA+91505,,,,pending address/facility match,open-verdugo-park
Anderson Park Tennis Courts,open,Carson,"19101 Wilmington Ave., Carson, CA 90746",4,yes,Public park courts; follow posted hours and programming.,,,https://ci.carson.ca.us/CommunityServices/Parks_Rec_Parks.aspx,https://ci.carson.ca.us/CommunityServices/Parks_Anderson.aspx,https://www.google.com/maps/search/?api=1&query=19101+Wilmington+Ave.%2C+Carson%2C+CA+90746,,,,pending address/facility match,open-anderson-park-tennis-courts
Calas Park Tennis Courts,open,Carson,"1000 E. 220th St., Carson, CA 90745",2,yes,Public park courts; follow posted hours and programming.,,,https://ci.carson.ca.us/CommunityServices/Parks_Rec_Parks.aspx,https://ci.carson.ca.us/communityservices/Parks_Calas.aspx,https://www.google.com/maps/search/?api=1&query=1000+E.+220th+St.%2C+Carson%2C+CA+90745,,,,pending address/facility match,open-calas-park-tennis-courts
Dolphin Park Tennis Courts,open,Carson,"21205 S. Water St., Carson, CA 90745",2,yes,Public park courts; follow posted hours and programming.,,,https://ci.carson.ca.us/CommunityServices/Parks_Rec_Parks.aspx,https://ci.carson.ca.us/CommunityServices/Parks_Rec_Parks.aspx,https://www.google.com/maps/search/?api=1&query=21205+S.+Water+St.%2C+Carson%2C+CA+90745,,,,pending address/facility match,open-dolphin-park-tennis-courts
Dominguez Park Tennis Courts,open,Carson,"21330 Santa Fe Ave., Carson, CA 90810",2,yes,Public park courts; follow posted hours and programming.,,,https://ci.carson.ca.us/CommunityServices/Parks_Rec_Parks.aspx,https://ci.carson.ca.us/communityservices/Parks_Dominguez.aspx,https://www.google.com/maps/search/?api=1&query=21330+Santa+Fe+Ave.%2C+Carson%2C+CA+90810,,,,pending address/facility match,open-dominguez-park-tennis-courts
Foisia Park Tennis Courts,open,Carson,"23410 Catskill Ave., Carson, CA 90745",2,yes,Public park courts; follow posted hours and programming.,,,https://ci.carson.ca.us/CommunityServices/Parks_Rec_Parks.aspx,https://ci.carson.ca.us/CommunityServices/Parks_Foisia.aspx,https://www.google.com/maps/search/?api=1&query=23410+Catskill+Ave.%2C+Carson%2C+CA+90745,,,,pending address/facility match,open-foisia-park-tennis-courts
Stevenson Park Tennis Courts,open,Carson,"17400 Lysander Dr., Carson, CA 90746",2,unknown,Public park courts; follow posted hours and programming.,,,https://ci.carson.ca.us/CommunityServices/Parks_Rec_Parks.aspx,https://ci.carson.ca.us/communityservices/Parks_Stevenson.aspx,https://www.google.com/maps/search/?api=1&query=17400+Lysander+Dr.%2C+Carson%2C+CA+90746,,,,pending address/facility match,open-stevenson-park-tennis-courts
Veterans Park Tennis Courts,open,Carson,"22400 Moneta Ave., Carson, CA 90745",2,unknown,Public park courts; follow posted hours and programming.,,,https://ci.carson.ca.us/CommunityServices/Parks_Rec_Parks.aspx,https://ci.carson.ca.us/CommunityServices/Parks_Veterans.aspx,https://www.google.com/maps/search/?api=1&query=22400+Moneta+Ave.%2C+Carson%2C+CA+90745,,,,pending address/facility match,open-veterans-park-tennis-courts
Culver West Alexander Park Tennis Court,open,Culver City,"4162 Wade St., Culver City, CA 90066",,unknown,Public park court; follow posted rotation and park rules.,,,https://www.culvercity.org/Parks,https://www.culvercity.org/Parks/Culver-West-Alexander-Park,https://www.google.com/maps/search/?api=1&query=4162+Wade+St.%2C+Culver+City%2C+CA+90066,,,,pending address/facility match,open-culver-west-alexander-park-tennis-court
Fox Hills Park Tennis Courts,open,Culver City,"5809 Green Valley Cir., Culver City, CA 90230",,yes,Public park court; follow posted rotation and park rules.,,,https://www.culvercity.org/Parks,https://www.culvercity.org/Parks/Fox-Hills-Park,https://www.google.com/maps/search/?api=1&query=5809+Green+Valley+Cir.%2C+Culver+City%2C+CA+90230,,,,pending address/facility match,open-fox-hills-park-tennis-courts
Lindberg Park Tennis Courts,open,Culver City,"5401 Rhoda Way, Culver City, CA 90230",,unknown,Public park court; follow posted rotation and park rules.,,,https://www.culvercity.org/Parks,https://www.culvercity.org/Parks/Lindberg-Park,https://www.google.com/maps/search/?api=1&query=5401+Rhoda+Way%2C+Culver+City%2C+CA+90230,,,,pending address/facility match,open-lindberg-park-tennis-courts
Syd Kronenthal Park Tennis Court,open,Culver City,"3459 McManus Ave., Culver City, CA 90232",,unknown,Public park court; follow posted rotation and park rules.,,,https://www.culvercity.org/Parks,https://www.culvercity.org/Parks/Syd-Kronenthal-Park,https://www.google.com/maps/search/?api=1&query=3459+McManus+Ave.%2C+Culver+City%2C+CA+90232,,,,pending address/facility match,open-syd-kronenthal-park-tennis-court
Veterans Memorial Park Tennis Courts,open,Culver City,"4117 Overland Ave., Culver City, CA 90230",,unknown,Public park court; follow posted rotation and park rules.,,,https://www.culvercity.org/Parks,https://www.culvercity.org/Parks/Veterans-Memorial-Park,https://www.google.com/maps/search/?api=1&query=4117+Overland+Ave.%2C+Culver+City%2C+CA+90230,,,,pending address/facility match,open-veterans-memorial-park-tennis-courts
Dunsmore Park,open,Glendale,"4700 Dunsmore Ave., Glendale, CA 91214",1,no,Free public unlighted court; first-come unless posted programming.,,,https://www.glendaleca.gov/government/departments/community-services-parks/parks-facilities-historic-sites/athletic-amenities,https://www.glendaleca.gov/government/departments/community-services-parks/parks-facilities-historic-sites/athletic-amenities,https://www.google.com/maps/search/?api=1&query=4700+Dunsmore+Ave.%2C+Glendale%2C+CA+91214,,34.2386145,-118.2559092,verified facility coordinate,open-dunsmore-park
Emerald Isle Park,open,Glendale,"2130 Lenore Dr., Glendale, CA 91202",2,no,Free public unlighted courts; first-come unless posted programming.,,,https://www.glendaleca.gov/government/departments/community-services-parks/parks-facilities-historic-sites/athletic-amenities,https://www.glendaleca.gov/government/departments/community-services-parks/parks-facilities-historic-sites/athletic-amenities,https://www.google.com/maps/search/?api=1&query=2130+Lenore+Dr.%2C+Glendale%2C+CA+91202,,,,pending address/facility match,open-emerald-isle-park
Glenoaks Park,open,Glendale,"2531 E. Glenoaks Blvd., Glendale, CA 91206",,no,Free public unlighted courts; first-come unless posted programming.,,,https://www.glendaleca.gov/government/departments/community-services-parks/parks-facilities-historic-sites/athletic-amenities,https://www.glendaleca.gov/government/departments/community-services-parks/parks-facilities-historic-sites/athletic-amenities,https://www.google.com/maps/search/?api=1&query=2531+E.+Glenoaks+Blvd.%2C+Glendale%2C+CA+91206,,34.1512763,-118.2095226,verified facility coordinate,open-glenoaks-park
Maple Park,open,Glendale,"820 E. Maple St., Glendale, CA 91205",,no,Free public unlighted courts; first-come unless posted programming.,,,https://www.glendaleca.gov/government/departments/community-services-parks/parks-facilities-historic-sites/athletic-amenities,https://www.glendaleca.gov/government/departments/community-services-parks/parks-facilities-historic-sites/athletic-amenities,https://www.google.com/maps/search/?api=1&query=820+E.+Maple+St.%2C+Glendale%2C+CA+91205,,34.1366600,-118.2416290,address-level coordinate,open-maple-park
Montrose Community Park,open,Glendale,"3529 Clifton Pl., Glendale, CA 91208",2,yes,Free public lit courts; first-come unless posted programming.,,,https://www.glendaleca.gov/government/departments/community-services-parks/parks-facilities-historic-sites/athletic-amenities,https://www.glendaleca.gov/government/departments/community-services-parks/parks-facilities-historic-sites/athletic-amenities,https://www.google.com/maps/search/?api=1&query=3529+Clifton+Pl.%2C+Glendale%2C+CA+91208,,34.2013940,-118.2253521,verified facility coordinate,open-montrose-community-park
Nibley Park,open,Glendale,"1103 E. Mountain St., Glendale, CA 91207",,no,Free public unlighted courts; first-come unless posted programming.,,,https://www.glendaleca.gov/government/departments/community-services-parks/parks-facilities-historic-sites/athletic-amenities,https://www.glendaleca.gov/government/departments/community-services-parks/parks-facilities-historic-sites/athletic-amenities,https://www.google.com/maps/search/?api=1&query=1103+E.+Mountain+St.%2C+Glendale%2C+CA+91207,,34.1641400,-118.2384300,verified facility coordinate,open-nibley-park
Oakmont View Park,open,Glendale,"2940 Oakmont View Dr., Glendale, CA 91208",2,yes,Free public lit courts; first-come unless posted programming.,,,https://www.glendaleca.gov/government/departments/community-services-parks/parks-facilities-historic-sites/athletic-amenities,https://www.glendaleca.gov/government/departments/community-services-parks/parks-facilities-historic-sites/athletic-amenities,https://www.google.com/maps/search/?api=1&query=2940+Oakmont+View+Dr.%2C+Glendale%2C+CA+91208,,34.1912980,-118.2374160,address-level coordinate,open-oakmont-view-park
Kelly Courts Tennis Court,open,Hermosa Beach,"861 Valley Dr., Hermosa Beach, CA 90254",1,unknown,Drop-in tennis only; no tennis reservation required.,Daily 9 AM–9 PM.,(310) 318-0280,https://www.hermosabeach.gov/Home/Components/FacilityDirectory/FacilityDirectory/125/248,https://www.hermosabeach.gov/Home/Components/FacilityDirectory/FacilityDirectory/125/248,https://www.google.com/maps/search/?api=1&query=861+Valley+Dr.%2C+Hermosa+Beach%2C+CA+90254,,,,pending address/facility match,open-kelly-courts-tennis-court
Ashwood Park Tennis Courts,open,Inglewood,"201 S. Ash Ave., Inglewood, CA 90301",2,unknown,Public park courts; check posted programming and facility hours.,Dawn to dusk.,,https://www.cityofinglewood.org/1788/Parks-Recreation-Centers,https://www.cityofinglewood.org/1788/Parks-Recreation-Centers,https://www.google.com/maps/search/?api=1&query=201+S.+Ash+Ave.%2C+Inglewood%2C+CA+90301,,,,pending address/facility match,open-ashwood-park-tennis-courts
Darby Park Tennis Courts,open,Inglewood,"3400 W. Arbor Vitae St., Inglewood, CA 90305",2,unknown,Public park courts; check posted programming and facility hours.,Park generally open to 9 PM.,,https://www.cityofinglewood.org/1788/Parks-Recreation-Centers,https://www.cityofinglewood.org/1788/Parks-Recreation-Centers,https://www.google.com/maps/search/?api=1&query=3400+W.+Arbor+Vitae+St.%2C+Inglewood%2C+CA+90305,,,,pending address/facility match,open-darby-park-tennis-courts
Edward Vincent Jr. Park Tennis Courts,open,Inglewood,"700 Warren Ln., Inglewood, CA 90302",8,unknown,Public park courts; check posted programming and facility hours.,Park generally open to 9 PM.,,https://www.cityofinglewood.org/1788/Parks-Recreation-Centers,https://www.cityofinglewood.org/1788/Parks-Recreation-Centers,https://www.google.com/maps/search/?api=1&query=700+Warren+Ln.%2C+Inglewood%2C+CA+90302,,,,pending address/facility match,open-edward-vincent-jr-park-tennis-courts
North Park Tennis Courts,open,Inglewood,"611 Hargrave St., Inglewood, CA 90302",3,unknown,Public park courts; check posted programming and facility hours.,Dawn to dusk.,,https://www.cityofinglewood.org/1788/Parks-Recreation-Centers,https://www.cityofinglewood.org/1788/Parks-Recreation-Centers,https://www.google.com/maps/search/?api=1&query=611+Hargrave+St.%2C+Inglewood%2C+CA+90302,,,,pending address/facility match,open-north-park-tennis-courts
Rogers Park Tennis Courts,open,Inglewood,"400 W. Beach Ave., Inglewood, CA 90302",2,unknown,Public park courts; check posted programming and facility hours.,Park generally open to 9 PM.,,https://www.cityofinglewood.org/1788/Parks-Recreation-Centers,https://www.cityofinglewood.org/1788/Parks-Recreation-Centers,https://www.google.com/maps/search/?api=1&query=400+W.+Beach+Ave.%2C+Inglewood%2C+CA+90302,,,,pending address/facility match,open-rogers-park-tennis-courts
Cherry Park Tennis Courts,open,Long Beach,"1901 E. 45th St., Long Beach, CA 90807",,yes,Free public courts.,,(562) 570-1615,https://www.longbeach.gov/park/recreation-programs/sports-and-athletics/tennis-courts/,https://www.longbeach.gov/park/recreation-programs/sports-and-athletics/tennis-courts/,https://www.google.com/maps/search/?api=1&query=1901+E.+45th+St.%2C+Long+Beach%2C+CA+90807,,,,pending address/facility match,open-cherry-park-tennis-courts
College Estates Park Tennis Courts,open,Long Beach,"808 Stevely Ave., Long Beach, CA 90815",,no,Free public courts.,,(562) 570-1617,https://www.longbeach.gov/park/recreation-programs/sports-and-athletics/tennis-courts/,https://www.longbeach.gov/park/recreation-programs/sports-and-athletics/tennis-courts/,https://www.google.com/maps/search/?api=1&query=808+Stevely+Ave.%2C+Long+Beach%2C+CA+90815,,,,pending address/facility match,open-college-estates-park-tennis-courts
DeForest Park Tennis Courts,open,Long Beach,"6255 DeForest Ave., Long Beach, CA 90805",,yes,Free public courts.,,(562) 570-1620,https://www.longbeach.gov/park/recreation-programs/sports-and-athletics/tennis-courts/,https://www.longbeach.gov/park/recreation-programs/sports-and-athletics/tennis-courts/,https://www.google.com/maps/search/?api=1&query=6255+DeForest+Ave.%2C+Long+Beach%2C+CA+90805,,,,pending address/facility match,open-deforest-park-tennis-courts
Drake Park Tennis Courts,open,Long Beach,"951 Maine Ave., Long Beach, CA 90813",,yes,Free public courts.,,(562) 570-1625,https://www.longbeach.gov/park/recreation-programs/sports-and-athletics/tennis-courts/,https://www.longbeach.gov/park/recreation-programs/sports-and-athletics/tennis-courts/,https://www.google.com/maps/search/?api=1&query=951+Maine+Ave.%2C+Long+Beach%2C+CA+90813,,,,pending address/facility match,open-drake-park-tennis-courts
Heartwell Park Tennis Courts,open,Long Beach,"5801 E. Parkcrest St., Long Beach, CA 90808",,no,Free public courts.,,(562) 570-1535,https://www.longbeach.gov/park/recreation-programs/sports-and-athletics/tennis-courts/,https://www.longbeach.gov/park/recreation-programs/sports-and-athletics/tennis-courts/,https://www.google.com/maps/search/?api=1&query=5801+E.+Parkcrest+St.%2C+Long+Beach%2C+CA+90808,,,,pending address/facility match,open-heartwell-park-tennis-courts
Houghton Park Tennis Courts,open,Long Beach,"6301 Myrtle Ave., Long Beach, CA 90805",,yes,Free public courts.,,(562) 570-1640,https://www.longbeach.gov/park/recreation-programs/sports-and-athletics/tennis-courts/,https://www.longbeach.gov/park/recreation-programs/sports-and-athletics/tennis-courts/,https://www.google.com/maps/search/?api=1&query=6301+Myrtle+Ave.%2C+Long+Beach%2C+CA+90805,,,,pending address/facility match,open-houghton-park-tennis-courts
Los Cerritos Park Tennis Courts,open,Long Beach,"3750 Del Mar Ave., Long Beach, CA 90807",,yes,Free public courts.,,(562) 570-1725,https://www.longbeach.gov/park/recreation-programs/sports-and-athletics/tennis-courts/,https://www.longbeach.gov/park/recreation-programs/sports-and-athletics/tennis-courts/,https://www.google.com/maps/search/?api=1&query=3750+Del+Mar+Ave.%2C+Long+Beach%2C+CA+90807,,,,pending address/facility match,open-los-cerritos-park-tennis-courts
Marina Vista Park Tennis Courts,open,Long Beach,"5355 E. Eliot St., Long Beach, CA 90803",,no,Free public courts.,,(562) 570-1725,https://www.longbeach.gov/park/recreation-programs/sports-and-athletics/tennis-courts/,https://www.longbeach.gov/park/recreation-programs/sports-and-athletics/tennis-courts/,https://www.google.com/maps/search/?api=1&query=5355+E.+Eliot+St.%2C+Long+Beach%2C+CA+90803,,,,pending address/facility match,open-marina-vista-park-tennis-courts
Ramona Park Tennis Courts,open,Long Beach,"3301 E. 65th St., Long Beach, CA 90805",,yes,Free public courts.,,(562) 570-1665,https://www.longbeach.gov/park/recreation-programs/sports-and-athletics/tennis-courts/,https://www.longbeach.gov/park/recreation-programs/sports-and-athletics/tennis-courts/,https://www.google.com/maps/search/?api=1&query=3301+E.+65th+St.%2C+Long+Beach%2C+CA+90805,,,,pending address/facility match,open-ramona-park-tennis-courts
Scherer Park Tennis Courts,open,Long Beach,"4600 Long Beach Blvd., Long Beach, CA 90807",,yes,Free public courts.,,,https://www.longbeach.gov/park/recreation-programs/sports-and-athletics/tennis-courts/,https://www.longbeach.gov/park/recreation-programs/sports-and-athletics/tennis-courts/,https://www.google.com/maps/search/?api=1&query=4600+Long+Beach+Blvd.%2C+Long+Beach%2C+CA+90807,,,,pending address/facility match,open-scherer-park-tennis-courts
Silverado Park Tennis Courts,open,Long Beach,"1545 W. 31st St., Long Beach, CA 90810",,yes,Free public courts.,,,https://www.longbeach.gov/park/recreation-programs/sports-and-athletics/tennis-courts/,https://www.longbeach.gov/park/recreation-programs/sports-and-athletics/tennis-courts/,https://www.google.com/maps/search/?api=1&query=1545+W.+31st+St.%2C+Long+Beach%2C+CA+90810,,,,pending address/facility match,open-silverado-park-tennis-courts
Somerset Park Tennis Courts,open,Long Beach,"1500 E. Carson St., Long Beach, CA 90807",,yes,Free public courts.,,,https://www.longbeach.gov/park/recreation-programs/sports-and-athletics/tennis-courts/,https://www.longbeach.gov/park/recreation-programs/sports-and-athletics/tennis-courts/,https://www.google.com/maps/search/?api=1&query=1500+E.+Carson+St.%2C+Long+Beach%2C+CA+90807,,,,pending address/facility match,open-somerset-park-tennis-courts
Veterans Park Tennis Courts,open,Long Beach,"101 E. 28th St., Long Beach, CA 90806",,yes,Free public courts.,,,https://www.longbeach.gov/park/recreation-programs/sports-and-athletics/tennis-courts/,https://www.longbeach.gov/park/recreation-programs/sports-and-athletics/tennis-courts/,https://www.google.com/maps/search/?api=1&query=101+E.+28th+St.%2C+Long+Beach%2C+CA+90806,,,,pending address/facility match,open-veterans-park-tennis-courts
109th Street Recreation Center,open,Los Angeles,"1464 E. 109th St., Los Angeles, CA 90059",,unknown,"Open play / first-come use, subject to posted programming and facility rules.",Open play; verify current availability at the facility,,https://www.laparks.org/sports/tennis/free,https://www.laparks.org/sports/tennis,https://www.google.com/maps/search/?api=1&query=1464+E.+109th+St.%2C+Los+Angeles%2C+CA+90059,,,,pending address/facility match,open-109th-street-recreation-center
Algin Sutton Recreation Center,open,Los Angeles,"8800 S. Hoover St., Los Angeles, CA 90044",,unknown,"Open play / first-come use, subject to posted programming and facility rules.",Open play; verify current availability at the facility,,https://www.laparks.org/sports/tennis/free,https://www.laparks.org/sports/tennis,https://www.google.com/maps/search/?api=1&query=8800+S.+Hoover+St.%2C+Los+Angeles%2C+CA+90044,,,,pending address/facility match,open-algin-sutton-recreation-center
Arroyo Seco Park,open,Los Angeles,"5566 Via Marisol St., Los Angeles, CA 90042",,unknown,"Open play / first-come use, subject to posted programming and facility rules.",Open play; verify current availability at the facility,,https://www.laparks.org/sports/tennis/free,https://www.laparks.org/sports/tennis,https://www.google.com/maps/search/?api=1&query=5566+Via+Marisol+St.%2C+Los+Angeles%2C+CA+90042,,,,pending address/facility match,open-arroyo-seco-park
Arthur Ashe Center,open,Los Angeles,"5001 Rodeo Rd., Los Angeles, CA 90016",,unknown,"Open play / first-come use, subject to posted programming and facility rules.",Open play; verify current availability at the facility,,https://www.laparks.org/sports/tennis/free,https://www.laparks.org/sports/tennis,https://www.google.com/maps/search/?api=1&query=5001+Rodeo+Rd.%2C+Los+Angeles%2C+CA+90016,,,,pending address/facility match,open-arthur-ashe-center
Banning Recreation Center,open,Los Angeles,"1331 Eubank St., Wilmington, CA 90744",,unknown,"Open play / first-come use, subject to posted programming and facility rules.",Open play; verify current availability at the facility,,https://www.laparks.org/sports/tennis/free,https://www.laparks.org/sports/tennis,https://www.google.com/maps/search/?api=1&query=1331+Eubank+St.%2C+Wilmington%2C+CA+90744,,,,pending address/facility match,open-banning-recreation-center
Barrington Recreation Center,open,Los Angeles,"333 S. Barrington Ave., Los Angeles, CA 90049",,unknown,"Open play / first-come use, subject to posted programming and facility rules.",Open play; verify current availability at the facility,,https://www.laparks.org/sports/tennis/free,https://www.laparks.org/sports/tennis,https://www.google.com/maps/search/?api=1&query=333+S.+Barrington+Ave.%2C+Los+Angeles%2C+CA+90049,,,,pending address/facility match,open-barrington-recreation-center
Branford Recreation Center,open,Los Angeles,"13310 Branford St., Arleta, CA 91331",,unknown,"Open play / first-come use, subject to posted programming and facility rules.",Open play; verify current availability at the facility,,https://www.laparks.org/sports/tennis/free,https://www.laparks.org/sports/tennis,https://www.google.com/maps/search/?api=1&query=13310+Branford+St.%2C+Arleta%2C+CA+91331,,,,pending address/facility match,open-branford-recreation-center
Daniels Field Sports Center,open,Los Angeles,"845 W. 12th St., San Pedro, CA 90731",,unknown,"Open play / first-come use, subject to posted programming and facility rules.",Open play; verify current availability at the facility,,https://www.laparks.org/sports/tennis/free,https://www.laparks.org/sports/tennis,https://www.google.com/maps/search/?api=1&query=845+W.+12th+St.%2C+San+Pedro%2C+CA+90731,,,,pending address/facility match,open-daniels-field-sports-center
Eagle Rock Recreation Center,open,Los Angeles,"1100 Eagle Vista Dr., Los Angeles, CA 90041",,unknown,"Open play / first-come use, subject to posted programming and facility rules.",Open play; verify current availability at the facility,,https://www.laparks.org/sports/tennis/free,https://www.laparks.org/sports/tennis,https://www.google.com/maps/search/?api=1&query=1100+Eagle+Vista+Dr.%2C+Los+Angeles%2C+CA+90041,,,,pending address/facility match,open-eagle-rock-recreation-center
Echo Park Recreation Center,open,Los Angeles,"1632 Bellevue Ave., Los Angeles, CA 90026",,unknown,"Open play / first-come use, subject to posted programming and facility rules.",Open play; verify current availability at the facility,,https://www.laparks.org/sports/tennis/free,https://www.laparks.org/sports/tennis,https://www.google.com/maps/search/?api=1&query=1632+Bellevue+Ave.%2C+Los+Angeles%2C+CA+90026,,,,pending address/facility match,open-echo-park-recreation-center
El Sereno Recreation Center,open,Los Angeles,"4721 Klamath Place, Los Angeles, CA 90032",,unknown,"Open play / first-come use, subject to posted programming and facility rules.",Open play; verify current availability at the facility,,https://www.laparks.org/sports/tennis/free,https://www.laparks.org/sports/tennis,https://www.google.com/maps/search/?api=1&query=4721+Klamath+Place%2C+Los+Angeles%2C+CA+90032,,,,pending address/facility match,open-el-sereno-recreation-center
Encino Park,open,Los Angeles,"16953 Ventura Blvd., Encino, CA 91316",,unknown,"Open play / first-come use, subject to posted programming and facility rules.",Open play; verify current availability at the facility,,https://www.laparks.org/sports/tennis/free,https://www.laparks.org/sports/tennis,https://www.google.com/maps/search/?api=1&query=16953+Ventura+Blvd.%2C+Encino%2C+CA+91316,,,,pending address/facility match,open-encino-park
Glassell Park Recreation Center,open,Los Angeles,"3650 Verdugo Rd., Los Angeles, CA 90065",,unknown,"Open play / first-come use, subject to posted programming and facility rules.",Open play; verify current availability at the facility,,https://www.laparks.org/sports/tennis/free,https://www.laparks.org/sports/tennis,https://www.google.com/maps/search/?api=1&query=3650+Verdugo+Rd.%2C+Los+Angeles%2C+CA+90065,,,,pending address/facility match,open-glassell-park-recreation-center
Glen Alla Park,open,Los Angeles,"4601 Alla Rd., Los Angeles, CA 90292",,unknown,"Open play / first-come use, subject to posted programming and facility rules.",Open play; verify current availability at the facility,,https://www.laparks.org/sports/tennis/free,https://www.laparks.org/sports/tennis,https://www.google.com/maps/search/?api=1&query=4601+Alla+Rd.%2C+Los+Angeles%2C+CA+90292,,,,pending address/facility match,open-glen-alla-park
Green Meadows Recreation Center,open,Los Angeles,"431 E. 89th St., Los Angeles, CA 90003",,unknown,"Open play / first-come use, subject to posted programming and facility rules.",Open play; verify current availability at the facility,,https://www.laparks.org/sports/tennis/free,https://www.laparks.org/sports/tennis,https://www.google.com/maps/search/?api=1&query=431+E.+89th+St.%2C+Los+Angeles%2C+CA+90003,,,,pending address/facility match,open-green-meadows-recreation-center
Hazard Recreation Center,open,Los Angeles,"2230 Norfolk St., Los Angeles, CA 90033",,unknown,"Open play / first-come use, subject to posted programming and facility rules.",Open play; verify current availability at the facility,,https://www.laparks.org/sports/tennis/free,https://www.laparks.org/sports/tennis,https://www.google.com/maps/search/?api=1&query=2230+Norfolk+St.%2C+Los+Angeles%2C+CA+90033,,,,pending address/facility match,open-hazard-recreation-center
Jackie Tatum / Harvard Recreation Center,open,Los Angeles,"1535 W. 62nd St., Los Angeles, CA 90047",,unknown,"Open play / first-come use, subject to posted programming and facility rules.",Open play; verify current availability at the facility,,https://www.laparks.org/sports/tennis/free,https://www.laparks.org/sports/tennis,https://www.google.com/maps/search/?api=1&query=1535+W.+62nd+St.%2C+Los+Angeles%2C+CA+90047,,,,pending address/facility match,open-jackie-tatum-harvard-recreation-center
Jim Gilliam Recreation Center,open,Los Angeles,"4000 S. La Brea Ave., Los Angeles, CA 90008",,unknown,"Open play / first-come use, subject to posted programming and facility rules.",Open play; verify current availability at the facility,,https://www.laparks.org/sports/tennis/free,https://www.laparks.org/sports/tennis,https://www.google.com/maps/search/?api=1&query=4000+S.+La+Brea+Ave.%2C+Los+Angeles%2C+CA+90008,,,,pending address/facility match,open-jim-gilliam-recreation-center
John Quimby Park,open,Los Angeles,"7008 De Soto Ave., Canoga Park, CA 91306",,unknown,"Open play / first-come use, subject to posted programming and facility rules.",Open play; verify current availability at the facility,,https://www.laparks.org/sports/tennis/free,https://www.laparks.org/sports/tennis,https://www.google.com/maps/search/?api=1&query=7008+De+Soto+Ave.%2C+Canoga+Park%2C+CA+91306,,,,pending address/facility match,open-john-quimby-park
Knapp Ranch,open,Los Angeles,"25000 Kittridge St., West Hills, CA 91307",,unknown,"Open play / first-come use, subject to posted programming and facility rules.",Open play; verify current availability at the facility,,https://www.laparks.org/sports/tennis/free,https://www.laparks.org/sports/tennis,https://www.google.com/maps/search/?api=1&query=25000+Kittridge+St.%2C+West+Hills%2C+CA+91307,,,,pending address/facility match,open-knapp-ranch
Lafayette Community Center,open,Los Angeles,"625 S. Lafayette Park Pl., Los Angeles, CA 90057",,unknown,"Open play / first-come use, subject to posted programming and facility rules.",Open play; verify current availability at the facility,,https://www.laparks.org/sports/tennis/free,https://www.laparks.org/sports/tennis,https://www.google.com/maps/search/?api=1&query=625+S.+Lafayette+Park+Pl.%2C+Los+Angeles%2C+CA+90057,,,,pending address/facility match,open-lafayette-community-center
Lakeview Terrace Recreation Center,open,Los Angeles,"11075 Foothill Blvd., Lake View Terrace, CA 91342",,unknown,"Open play / first-come use, subject to posted programming and facility rules.",Open play; verify current availability at the facility,,https://www.laparks.org/sports/tennis/free,https://www.laparks.org/sports/tennis,https://www.google.com/maps/search/?api=1&query=11075+Foothill+Blvd.%2C+Lake+View+Terrace%2C+CA+91342,,,,pending address/facility match,open-lakeview-terrace-recreation-center
Lanark Recreation Center,open,Los Angeles,"21816 Lanark St., Canoga Park, CA 91304",,unknown,"Open play / first-come use, subject to posted programming and facility rules.",Open play; verify current availability at the facility,,https://www.laparks.org/sports/tennis/free,https://www.laparks.org/sports/tennis,https://www.google.com/maps/search/?api=1&query=21816+Lanark+St.%2C+Canoga+Park%2C+CA+91304,,,,pending address/facility match,open-lanark-recreation-center
Lincoln Park Recreation Center,open,Los Angeles,"3501 Valley Blvd., Los Angeles, CA 90031",,unknown,"Open play / first-come use, subject to posted programming and facility rules.",Open play; verify current availability at the facility,,https://www.laparks.org/sports/tennis/free,https://www.laparks.org/sports/tennis,https://www.google.com/maps/search/?api=1&query=3501+Valley+Blvd.%2C+Los+Angeles%2C+CA+90031,,,,pending address/facility match,open-lincoln-park-recreation-center
Loren Miller Recreation Center,open,Los Angeles,"2717 Halldale Ave., Los Angeles, CA 90018",,unknown,"Open play / first-come use, subject to posted programming and facility rules.",Open play; verify current availability at the facility,,https://www.laparks.org/sports/tennis/free,https://www.laparks.org/sports/tennis,https://www.google.com/maps/search/?api=1&query=2717+Halldale+Ave.%2C+Los+Angeles%2C+CA+90018,,,,pending address/facility match,open-loren-miller-recreation-center
Mar Vista Recreation Center,open,Los Angeles,"11430 Woodbine Ave., Los Angeles, CA 90066",,unknown,"Open play / first-come use, subject to posted programming and facility rules.",Open play; verify current availability at the facility,,https://www.laparks.org/sports/tennis/free,https://www.laparks.org/sports/tennis,https://www.google.com/maps/search/?api=1&query=11430+Woodbine+Ave.%2C+Los+Angeles%2C+CA+90066,,,,pending address/facility match,open-mar-vista-recreation-center
Montecito Heights Recreation Center,open,Los Angeles,"4545 Homer St., Los Angeles, CA 90031",,unknown,"Open play / first-come use, subject to posted programming and facility rules.",Open play; verify current availability at the facility,,https://www.laparks.org/sports/tennis/free,https://www.laparks.org/sports/tennis,https://www.google.com/maps/search/?api=1&query=4545+Homer+St.%2C+Los+Angeles%2C+CA+90031,,,,pending address/facility match,open-montecito-heights-recreation-center
North Hollywood Recreation Center,open,Los Angeles,"5301 Tujunga Ave., North Hollywood, CA 91601",,unknown,"Open play / first-come use, subject to posted programming and facility rules.",Open play; verify current availability at the facility,,https://www.laparks.org/sports/tennis/free,https://www.laparks.org/sports/tennis,https://www.google.com/maps/search/?api=1&query=5301+Tujunga+Ave.%2C+North+Hollywood%2C+CA+91601,,,,pending address/facility match,open-north-hollywood-recreation-center
Northridge Recreation Center,open,Los Angeles,"18300 Lemarsh St., Northridge, CA 91325",,unknown,"Open play / first-come use, subject to posted programming and facility rules.",Open play; verify current availability at the facility,,https://www.laparks.org/sports/tennis/free,https://www.laparks.org/sports/tennis,https://www.google.com/maps/search/?api=1&query=18300+Lemarsh+St.%2C+Northridge%2C+CA+91325,,,,pending address/facility match,open-northridge-recreation-center
Oakwood Recreation Center,open,Los Angeles,"767 California St., Venice, CA 90291",,unknown,"Open play / first-come use, subject to posted programming and facility rules.",Open play; verify current availability at the facility,,https://www.laparks.org/sports/tennis/free,https://www.laparks.org/sports/tennis,https://www.google.com/maps/search/?api=1&query=767+California+St.%2C+Venice%2C+CA+90291,,,,pending address/facility match,open-oakwood-recreation-center
Panorama Recreation Center,open,Los Angeles,"8600 Hazeltine Ave., Panorama City, CA 91402",,unknown,"Open play / first-come use, subject to posted programming and facility rules.",Open play; verify current availability at the facility,,https://www.laparks.org/sports/tennis/free,https://www.laparks.org/sports/tennis,https://www.google.com/maps/search/?api=1&query=8600+Hazeltine+Ave.%2C+Panorama+City%2C+CA+91402,,,,pending address/facility match,open-panorama-recreation-center
Peck Park Community Center,open,Los Angeles,"560 N. Western Ave., San Pedro, CA 90732",,unknown,"Open play / first-come use, subject to posted programming and facility rules.",Open play; verify current availability at the facility,,https://www.laparks.org/sports/tennis/free,https://www.laparks.org/sports/tennis,https://www.google.com/maps/search/?api=1&query=560+N.+Western+Ave.%2C+San+Pedro%2C+CA+90732,,,,pending address/facility match,open-peck-park-community-center
Penmar Recreation Center,open,Los Angeles,"1341 Lake St., Venice, CA 90291",,unknown,"Open play / first-come use, subject to posted programming and facility rules.",Open play; verify current availability at the facility,,https://www.laparks.org/sports/tennis/free,https://www.laparks.org/sports/tennis,https://www.google.com/maps/search/?api=1&query=1341+Lake+St.%2C+Venice%2C+CA+90291,,,,pending address/facility match,open-penmar-recreation-center
Queen Anne Recreation Center,open,Los Angeles,"1240 West Blvd., Los Angeles, CA 90019",,unknown,"Open play / first-come use, subject to posted programming and facility rules.",Open play; verify current availability at the facility,,https://www.laparks.org/sports/tennis/free,https://www.laparks.org/sports/tennis,https://www.google.com/maps/search/?api=1&query=1240+West+Blvd.%2C+Los+Angeles%2C+CA+90019,,,,pending address/facility match,open-queen-anne-recreation-center
Reseda Recreation Center,open,Los Angeles,"18411 Victory Blvd., Reseda, CA 91335",,unknown,"Open play / first-come use, subject to posted programming and facility rules.",Open play; verify current availability at the facility,,https://www.laparks.org/sports/tennis/free,https://www.laparks.org/sports/tennis,https://www.google.com/maps/search/?api=1&query=18411+Victory+Blvd.%2C+Reseda%2C+CA+91335,,,,pending address/facility match,open-reseda-recreation-center
Rio de Los Angeles State Park,open,Los Angeles,"1900 N. San Fernando Rd., Los Angeles, CA 90065",,unknown,"Open play / first-come use, subject to posted programming and facility rules.",Open play; verify current availability at the facility,,https://www.laparks.org/sports/tennis/free,https://www.laparks.org/sports/tennis,https://www.google.com/maps/search/?api=1&query=1900+N.+San+Fernando+Rd.%2C+Los+Angeles%2C+CA+90065,,,,pending address/facility match,open-rio-de-los-angeles-state-park
Ritchie Valens Recreation Center,open,Los Angeles,"10736 Laurel Canyon Blvd., Pacoima, CA 91331",,unknown,"Open play / first-come use, subject to posted programming and facility rules.",Open play; verify current availability at the facility,,https://www.laparks.org/sports/tennis/free,https://www.laparks.org/sports/tennis,https://www.google.com/maps/search/?api=1&query=10736+Laurel+Canyon+Blvd.%2C+Pacoima%2C+CA+91331,,,,pending address/facility match,open-ritchie-valens-recreation-center
Ross Snyder Recreation Center,open,Los Angeles,"1501 E. 41st St., Los Angeles, CA 90011",,unknown,"Open play / first-come use, subject to posted programming and facility rules.",Open play; verify current availability at the facility,,https://www.laparks.org/sports/tennis/free,https://www.laparks.org/sports/tennis,https://www.google.com/maps/search/?api=1&query=1501+E.+41st+St.%2C+Los+Angeles%2C+CA+90011,,,,pending address/facility match,open-ross-snyder-recreation-center
Runnymede Park,open,Los Angeles,"20200 Runnymede St., Winnetka, CA 91306",,unknown,"Open play / first-come use, subject to posted programming and facility rules.",Open play; verify current availability at the facility,,https://www.laparks.org/sports/tennis/free,https://www.laparks.org/sports/tennis,https://www.google.com/maps/search/?api=1&query=20200+Runnymede+St.%2C+Winnetka%2C+CA+91306,,,,pending address/facility match,open-runnymede-park
Rustic Canyon Recreation Center,open,Los Angeles,"601 Latimer Rd., Pacific Palisades, CA 90402",,unknown,"Open play / first-come use, subject to posted programming and facility rules.",Open play; verify current availability at the facility,,https://www.laparks.org/sports/tennis/free,https://www.laparks.org/sports/tennis,https://www.google.com/maps/search/?api=1&query=601+Latimer+Rd.%2C+Pacific+Palisades%2C+CA+90402,,34.0377869,-118.5148033,verified facility coordinate,open-rustic-canyon-recreation-center
Sepulveda Recreation Center,open,Los Angeles,"8801 Kester Ave., Panorama City, CA 91405",,unknown,"Open play / first-come use, subject to posted programming and facility rules.",Open play; verify current availability at the facility,,https://www.laparks.org/sports/tennis/free,https://www.laparks.org/sports/tennis,https://www.google.com/maps/search/?api=1&query=8801+Kester+Ave.%2C+Panorama+City%2C+CA+91405,,,,pending address/facility match,open-sepulveda-recreation-center
Shatto Recreation Center,open,Los Angeles,"3191 W. 4th St., Los Angeles, CA 90020",,unknown,"Open play / first-come use, subject to posted programming and facility rules.",Open play; verify current availability at the facility,,https://www.laparks.org/sports/tennis/free,https://www.laparks.org/sports/tennis,https://www.google.com/maps/search/?api=1&query=3191+W.+4th+St.%2C+Los+Angeles%2C+CA+90020,,,,pending address/facility match,open-shatto-recreation-center
St. Andrews Recreation Center,open,Los Angeles,"8701 St. Andrews Pl., Los Angeles, CA 90047",,unknown,"Open play / first-come use, subject to posted programming and facility rules.",Open play; verify current availability at the facility,,https://www.laparks.org/sports/tennis/free,https://www.laparks.org/sports/tennis,https://www.google.com/maps/search/?api=1&query=8701+St.+Andrews+Pl.%2C+Los+Angeles%2C+CA+90047,,,,pending address/facility match,open-st-andrews-recreation-center
Stoner Recreation Center,open,Los Angeles,"1835 Stoner Ave., Los Angeles, CA 90025",,unknown,"Open play / first-come use, subject to posted programming and facility rules.",Open play; verify current availability at the facility,,https://www.laparks.org/sports/tennis/free,https://www.laparks.org/sports/tennis,https://www.google.com/maps/search/?api=1&query=1835+Stoner+Ave.%2C+Los+Angeles%2C+CA+90025,,,,pending address/facility match,open-stoner-recreation-center
Studio City Recreation Center,open,Los Angeles,"12621 Rye St., Studio City, CA 91604",,unknown,"Open play / first-come use, subject to posted programming and facility rules.",Open play; verify current availability at the facility,,https://www.laparks.org/sports/tennis/free,https://www.laparks.org/sports/tennis,https://www.google.com/maps/search/?api=1&query=12621+Rye+St.%2C+Studio+City%2C+CA+91604,,,,pending address/facility match,open-studio-city-recreation-center
Sun Valley Recreation Center,open,Los Angeles,"8133 Vineland Ave., Sun Valley, CA 91352",,unknown,"Open play / first-come use, subject to posted programming and facility rules.",Open play; verify current availability at the facility,,https://www.laparks.org/sports/tennis/free,https://www.laparks.org/sports/tennis,https://www.google.com/maps/search/?api=1&query=8133+Vineland+Ave.%2C+Sun+Valley%2C+CA+91352,,,,pending address/facility match,open-sun-valley-recreation-center
Sunland Recreation Center,open,Los Angeles,"8651 Foothill Blvd., Sunland, CA 91040",,unknown,"Open play / first-come use, subject to posted programming and facility rules.",Open play; verify current availability at the facility,,https://www.laparks.org/sports/tennis/free,https://www.laparks.org/sports/tennis,https://www.google.com/maps/search/?api=1&query=8651+Foothill+Blvd.%2C+Sunland%2C+CA+91040,,,,pending address/facility match,open-sunland-recreation-center
Sycamore Grove Park,open,Los Angeles,"4702 N. Figueroa St., Los Angeles, CA 90042",,unknown,"Open play / first-come use, subject to posted programming and facility rules.",Open play; verify current availability at the facility,,https://www.laparks.org/sports/tennis/free,https://www.laparks.org/sports/tennis,https://www.google.com/maps/search/?api=1&query=4702+N.+Figueroa+St.%2C+Los+Angeles%2C+CA+90042,,,,pending address/facility match,open-sycamore-grove-park
Valley Plaza Recreation Center,open,Los Angeles,"12240 Archwood St., North Hollywood, CA 91605",,unknown,"Open play / first-come use, subject to posted programming and facility rules.",Open play; verify current availability at the facility,,https://www.laparks.org/sports/tennis/free,https://www.laparks.org/sports/tennis,https://www.google.com/maps/search/?api=1&query=12240+Archwood+St.%2C+North+Hollywood%2C+CA+91605,,,,pending address/facility match,open-valley-plaza-recreation-center
Van Ness Recreation Center,open,Los Angeles,"5720 2nd Ave., Los Angeles, CA 90043",,unknown,"Open play / first-come use, subject to posted programming and facility rules.",Open play; verify current availability at the facility,,https://www.laparks.org/sports/tennis/free,https://www.laparks.org/sports/tennis,https://www.google.com/maps/search/?api=1&query=5720+2nd+Ave.%2C+Los+Angeles%2C+CA+90043,,,,pending address/facility match,open-van-ness-recreation-center
Van Nuys Recreation Center,open,Los Angeles,"14301 Vanowen St., Van Nuys, CA 91405",,unknown,"Open play / first-come use, subject to posted programming and facility rules.",Open play; verify current availability at the facility,,https://www.laparks.org/sports/tennis/free,https://www.laparks.org/sports/tennis,https://www.google.com/maps/search/?api=1&query=14301+Vanowen+St.%2C+Van+Nuys%2C+CA+91405,,,,pending address/facility match,open-van-nuys-recreation-center
Victory-Vineland Recreation Center,open,Los Angeles,"11112 Victory Blvd., North Hollywood, CA 91606",,unknown,"Open play / first-come use, subject to posted programming and facility rules.",Open play; verify current availability at the facility,,https://www.laparks.org/sports/tennis/free,https://www.laparks.org/sports/tennis,https://www.google.com/maps/search/?api=1&query=11112+Victory+Blvd.%2C+North+Hollywood%2C+CA+91606,,,,pending address/facility match,open-victory-vineland-recreation-center
Woodland Hills Recreation Center,open,Los Angeles,"5858 Shoup Ave., Woodland Hills, CA 91367",,unknown,"Open play / first-come use, subject to posted programming and facility rules.",Open play; verify current availability at the facility,,https://www.laparks.org/sports/tennis/free,https://www.laparks.org/sports/tennis,https://www.google.com/maps/search/?api=1&query=5858+Shoup+Ave.%2C+Woodland+Hills%2C+CA+91367,,,,pending address/facility match,open-woodland-hills-recreation-center
Yosemite Recreation Center,open,Los Angeles,"1840 Yosemite Dr., Los Angeles, CA 90041",,unknown,"Open play / first-come use, subject to posted programming and facility rules.",Open play; verify current availability at the facility,,https://www.laparks.org/sports/tennis/free,https://www.laparks.org/sports/tennis,https://www.google.com/maps/search/?api=1&query=1840+Yosemite+Dr.%2C+Los+Angeles%2C+CA+90041,,,,pending address/facility match,open-yosemite-recreation-center
Barnes Park Tennis Courts,open,Monterey Park,"350 S. McPherrin Ave., Monterey Park, CA 91754",,yes,"Public drop-in courts, subject to classes and posted programming.",,,https://www.montereypark.ca.gov/1434/Recreation-Activities,https://www.montereypark.ca.gov/facilities/facility/details/Barnes-Park-3,https://www.google.com/maps/search/?api=1&query=350+S.+McPherrin+Ave.%2C+Monterey+Park%2C+CA+91754,,,,pending address/facility match,open-barnes-park-tennis-courts
Garvey Ranch Park Tennis Courts,open,Monterey Park,"781 S. Orange Ave., Monterey Park, CA 91755",2,yes,"Public drop-in courts, subject to classes and posted programming.",,,https://www.montereypark.ca.gov/1434/Recreation-Activities,https://www.montereypark.ca.gov/facilities/facility/details/Garvey-Ranch-Park-7,https://www.google.com/maps/search/?api=1&query=781+S.+Orange+Ave.%2C+Monterey+Park%2C+CA+91755,,,,pending address/facility match,open-garvey-ranch-park-tennis-courts
George Elder Park Tennis Courts,open,Monterey Park,"2101 Lupine Ave., Monterey Park, CA 91755",,yes,"Public drop-in courts, subject to classes and posted programming.",,,https://www.montereypark.ca.gov/1434/Recreation-Activities,https://www.montereypark.ca.gov/facilities/facility/details/George-Elder-Park-9,https://www.google.com/maps/search/?api=1&query=2101+Lupine+Ave.%2C+Monterey+Park%2C+CA+91755,,,,pending address/facility match,open-george-elder-park-tennis-courts
Highlands Park Tennis Courts,open,Monterey Park,"400 Casuda Canyon Dr., Monterey Park, CA 91754",2,yes,"Public drop-in courts, subject to classes and posted programming.",,,https://www.montereypark.ca.gov/1434/Recreation-Activities,https://www.montereypark.ca.gov/Facilities/Facility/Details/Highlands-Park-8,https://www.google.com/maps/search/?api=1&query=400+Casuda+Canyon+Dr.%2C+Monterey+Park%2C+CA+91754,,,,pending address/facility match,open-highlands-park-tennis-courts
Sequoia Park Tennis Courts,open,Monterey Park,"750 Ridgecrest St., Monterey Park, CA 91754",2,yes,"Public drop-in courts, subject to classes and posted programming.",,,https://www.montereypark.ca.gov/1434/Recreation-Activities,https://www.montereypark.ca.gov/facilities/facility/details/Sequoia-Park-14,https://www.google.com/maps/search/?api=1&query=750+Ridgecrest+St.%2C+Monterey+Park%2C+CA+91754,,,,pending address/facility match,open-sequoia-park-tennis-courts
Sunnyslopes Park Tennis Courts,open,Monterey Park,"1599 Sunnyslope Dr., Monterey Park, CA 91754",2,yes,"Public drop-in courts, subject to classes and posted programming.",,,https://www.montereypark.ca.gov/1434/Recreation-Activities,https://www.montereypark.ca.gov/facilities/facility/details/Sunnyslopes-Park-16,https://www.google.com/maps/search/?api=1&query=1599+Sunnyslope+Dr.%2C+Monterey+Park%2C+CA+91754,,,,pending address/facility match,open-sunnyslopes-park-tennis-courts
Brenner Park,open,Pasadena,"235 Barthe Dr., Pasadena, CA 91103",,yes,Public park court; check city page for permitted-use reservation options.,,,https://www.cityofpasadena.net/parks-and-rec/sports-field/tennis-courts/,https://www.cityofpasadena.net/parks-and-rec/sports-field/tennis-courts/,https://www.google.com/maps/search/?api=1&query=235+Barthe+Dr.%2C+Pasadena%2C+CA+91103,,,,pending address/facility match,open-brenner-park
Brookside Park,open,Pasadena,"360 N. Arroyo Blvd., Pasadena, CA 91103",,yes,Public park court; check city page for permitted-use reservation options.,,,https://www.cityofpasadena.net/parks-and-rec/sports-field/tennis-courts/,https://www.cityofpasadena.net/parks-and-rec/sports-field/tennis-courts/,https://www.google.com/maps/search/?api=1&query=360+N.+Arroyo+Blvd.%2C+Pasadena%2C+CA+91103,,,,pending address/facility match,open-brookside-park
Eaton Blanche Park,open,Pasadena,"3100 E. Del Mar Blvd., Pasadena, CA 91107",2,yes,Public park courts; check city page for permitted-use reservation options.,,,https://www.cityofpasadena.net/parks-and-rec/sports-field/tennis-courts/,https://www.cityofpasadena.net/parks-and-rec/sports-field/tennis-courts/,https://www.google.com/maps/search/?api=1&query=3100+E.+Del+Mar+Blvd.%2C+Pasadena%2C+CA+91107,,,,pending address/facility match,open-eaton-blanche-park
Grant Park,open,Pasadena,"232 S. Michigan Ave., Pasadena, CA 91106",2,yes,Public park courts; check city page for permitted-use reservation options.,,,https://www.cityofpasadena.net/parks-and-rec/sports-field/tennis-courts/,https://www.cityofpasadena.net/parks-and-rec/sports-field/tennis-courts/,https://www.google.com/maps/search/?api=1&query=232+S.+Michigan+Ave.%2C+Pasadena%2C+CA+91106,,,,pending address/facility match,open-grant-park
Hamilton Park,open,Pasadena,"3680 Cartwright St., Pasadena, CA 91107",2,yes,Public park courts; check city page for permitted-use reservation options.,,,https://www.cityofpasadena.net/parks-and-rec/sports-field/tennis-courts/,https://www.cityofpasadena.net/parks-and-rec/sports-field/tennis-courts/,https://www.google.com/maps/search/?api=1&query=3680+Cartwright+St.%2C+Pasadena%2C+CA+91107,,,,pending address/facility match,open-hamilton-park
McKinley School Courts,open,Pasadena,"325 S. Oak Knoll Ave., Pasadena, CA 91101",,no,Public access is limited to posted after-school/weekend hours; closes at dusk.,,,https://www.cityofpasadena.net/parks-and-rec/sports-field/tennis-courts/,https://www.cityofpasadena.net/parks-and-rec/sports-field/tennis-courts/,https://www.google.com/maps/search/?api=1&query=325+S.+Oak+Knoll+Ave.%2C+Pasadena%2C+CA+91101,,,,pending address/facility match,open-mckinley-school-courts
Washington Park,open,Pasadena,"700 E. Washington Blvd., Pasadena, CA 91104",,unknown,Public park courts; lighting not stated on the main listing.,,,https://www.cityofpasadena.net/parks-and-rec/sports-field/tennis-courts/,https://www.cityofpasadena.net/parks-and-rec/sports-field/tennis-courts/,https://www.google.com/maps/search/?api=1&query=700+E.+Washington+Blvd.%2C+Pasadena%2C+CA+91104,,,,pending address/facility match,open-washington-park
Anderson Park Tennis Courts,open,Redondo Beach,"2229 Ernest Ave., Redondo Beach, CA 90278",2,yes,Open play when not used by city classes; private instruction requires a permit.,,,https://www.redondo.org/departments/community_services/recreation_facilities/index.php,https://www.redondo.org/business_detail_T14_R125.php,https://www.google.com/maps/search/?api=1&query=2229+Ernest+Ave.%2C+Redondo+Beach%2C+CA+90278,,,,pending address/facility match,open-anderson-park-tennis-courts
Clover Park Tennis Courts,open,Santa Monica,"2600 Ocean Park Blvd., Santa Monica, CA 90405",2,yes,Open public courts; subject to posted programming.,,,https://www.santamonica.gov/programs/tennis,https://www.santamonica.gov/programs/tennis,https://www.google.com/maps/search/?api=1&query=2600+Ocean+Park+Blvd.%2C+Santa+Monica%2C+CA+90405,,,,pending address/facility match,open-clover-park-tennis-courts
Douglas Park Tennis Courts,open,Santa Monica,"2439 Wilshire Blvd., Santa Monica, CA 90403",2,yes,Open public courts; subject to posted programming.,,,https://www.santamonica.gov/programs/tennis,https://www.santamonica.gov/programs/tennis,https://www.google.com/maps/search/?api=1&query=2439+Wilshire+Blvd.%2C+Santa+Monica%2C+CA+90403,,,,pending address/facility match,open-douglas-park-tennis-courts
Los Amigos Park Tennis Court,open,Santa Monica,"500 Hollister Ave., Santa Monica, CA 90405",1,yes,Available when school classes or sponsored programs are not in session.,Typically evenings/weekends; verify current schedule.,,https://www.santamonica.gov/programs/tennis,https://www.santamonica.gov/programs/tennis,https://www.google.com/maps/search/?api=1&query=500+Hollister+Ave.%2C+Santa+Monica%2C+CA+90405,,,,pending address/facility match,open-los-amigos-park-tennis-court
Marine Park Tennis Courts,open,Santa Monica,"1406 Marine St., Santa Monica, CA 90405",3,yes,Open public courts; subject to posted programming.,Daily hours listed by city.,,https://www.santamonica.gov/programs/tennis,https://www.santamonica.gov/programs/tennis,https://www.google.com/maps/search/?api=1&query=1406+Marine+St.%2C+Santa+Monica%2C+CA+90405,,,,pending address/facility match,open-marine-park-tennis-courts
Memorial Park Tennis Courts,open,Santa Monica,"1401 Olympic Blvd., Santa Monica, CA 90404",4,yes,Open public courts; subject to posted programming.,,,https://www.santamonica.gov/programs/tennis,https://www.santamonica.gov/programs/tennis,https://www.google.com/maps/search/?api=1&query=1401+Olympic+Blvd.%2C+Santa+Monica%2C+CA+90404,,,,pending address/facility match,open-memorial-park-tennis-courts
Santa Monica High School Tennis Courts,open,Santa Monica,"601 Pico Blvd., Santa Monica, CA 90405",7,no,Public access/permit rules and school scheduling apply.,,,https://www.santamonica.gov/programs/tennis,https://www.santamonica.gov/programs/tennis,https://www.google.com/maps/search/?api=1&query=601+Pico+Blvd.%2C+Santa+Monica%2C+CA+90405,,,,pending address/facility match,open-santa-monica-high-school-tennis-courts
Garfield Park Tennis Courts,open,South Pasadena,"1000 Park Ave., South Pasadena, CA 91030",2,yes,Public park courts; first-come except for scheduled classes or permitted programming.,,,https://www.southpasadenaca.gov/Your-Government/Department-Service-Areas/Community-Services/Administration/Parks-Facilities-Directory,https://www.southpasadenaca.gov/Your-Government/Department-Service-Areas/Community-Services/Administration/Parks-Facilities-Directory,https://www.google.com/maps/search/?api=1&query=1000+Park+Ave.%2C+South+Pasadena%2C+CA+91030,,,,pending address/facility match,open-garfield-park-tennis-courts
Orange Grove Park Tennis Courts,open,South Pasadena,"815 Mission St., South Pasadena, CA 91030",2,yes,Public park courts; first-come except for scheduled classes or permitted programming.,,,https://www.southpasadenaca.gov/Your-Government/Department-Service-Areas/Community-Services/Administration/Parks-Facilities-Directory,https://www.southpasadenaca.gov/Your-Government/Department-Service-Areas/Community-Services/Administration/Parks-Facilities-Directory,https://www.google.com/maps/search/?api=1&query=815+Mission+St.%2C+South+Pasadena%2C+CA+91030,,,,pending address/facility match,open-orange-grove-park-tennis-courts
El Retiro Park Tennis Courts,open,Torrance,"126 Vista del Parque, Redondo Beach, CA 90277",,yes,Public park court; follow posted use and rotation rules.,,,https://www.torranceca.gov/Our-Community/Parks,https://www.torranceca.gov/Our-Community/Parks/El-Retiro-Park,https://www.google.com/maps/search/?api=1&query=126+Vista+del+Parque%2C+Redondo+Beach%2C+CA+90277,,,,pending address/facility match,open-el-retiro-park-tennis-courts
Hickory Park Tennis Courts,open,Torrance,"2850 232nd St., Torrance, CA 90505",,yes,Public park court; follow posted use and rotation rules.,,,https://www.torranceca.gov/Our-Community/Parks,https://www.torranceca.gov/Our-Community/Parks/Hickory-Park,https://www.google.com/maps/search/?api=1&query=2850+232nd+St.%2C+Torrance%2C+CA+90505,,,,pending address/facility match,open-hickory-park-tennis-courts
La Romeria Park Tennis Courts,open,Torrance,"19501 S. Inglewood Ave., Torrance, CA 90503",,unknown,Public park court; follow posted use and rotation rules.,,,https://www.torranceca.gov/Our-Community/Parks,https://www.torranceca.gov/Our-Community/Parks/La-Romeria-Park,https://www.google.com/maps/search/?api=1&query=19501+S.+Inglewood+Ave.%2C+Torrance%2C+CA+90503,,,,pending address/facility match,open-la-romeria-park-tennis-courts
Paradise Park Tennis Courts,open,Torrance,"5006 Lee St., Torrance, CA 90503",,unknown,Public park court; follow posted use and rotation rules.,,,https://www.torranceca.gov/Our-Community/Parks,https://www.torranceca.gov/Our-Community/Parks/Paradise-Park,https://www.google.com/maps/search/?api=1&query=5006+Lee+St.%2C+Torrance%2C+CA+90503,,,,pending address/facility match,open-paradise-park-tennis-courts
Sur La Brea Park Tennis Courts,open,Torrance,"23610 Cabrillo Ave., Torrance, CA 90501",,unknown,Public park court; follow posted use and rotation rules.,,,https://www.torranceca.gov/Our-Community/Parks,https://www.torranceca.gov/Our-Community/Parks/Sur-La-Brea-Park,https://www.google.com/maps/search/?api=1&query=23610+Cabrillo+Ave.%2C+Torrance%2C+CA+90501,,,,pending address/facility match,open-sur-la-brea-park-tennis-courts
Walteria Park Tennis Courts,open,Torrance,"3855 242nd St., Torrance, CA 90505",,yes,Public park court; follow posted use and rotation rules.,,,https://www.torranceca.gov/Our-Community/Parks,https://www.torranceca.gov/Our-Community/Parks/Walteria-Park,https://www.google.com/maps/search/?api=1&query=3855+242nd+St.%2C+Torrance%2C+CA+90505,,,,pending address/facility match,open-walteria-park-tennis-courts
Wilson Park Tennis Courts,open,Torrance,"2200 Crenshaw Blvd., Torrance, CA 90501",,unknown,Public park court; follow posted use and rotation rules.,,,https://www.torranceca.gov/Our-Community/Parks,https://www.torranceca.gov/Our-Community/Parks/Wilson-Park-Charles-H,https://www.google.com/maps/search/?api=1&query=2200+Crenshaw+Blvd.%2C+Torrance%2C+CA+90501,,,,pending address/facility match,open-wilson-park-tennis-courts
Altadena Town & Country Club,club,Altadena,"2290 Country Club Dr., Altadena, CA 91001",,unknown,Private country club; membership or guest access applies.,,,https://www.altaclub.com/,https://www.altaclub.com/,https://www.google.com/maps/search/?api=1&query=2290+Country+Club+Dr.%2C+Altadena%2C+CA+91001,,,,pending address/facility match,club-altadena-town-country-club
Flint Canyon Tennis Club,club,La Cañada Flintridge,"265 Berkshire Ave., La Cañada Flintridge, CA 91011",13,yes,Private membership club; contact the club for access.,,(818) 790-3355,https://flintcanyontennisclub.com/membership/,https://flintcanyontennisclub.com/membership/,https://www.google.com/maps/search/?api=1&query=265+Berkshire+Ave.%2C+La+Ca%C3%B1ada+Flintridge%2C+CA+91011,,,,pending address/facility match,club-flint-canyon-tennis-club
Virginia Country Club,club,Long Beach,"4602 N. Virginia Rd., Long Beach, CA 90807",,unknown,Private country club; membership or guest access applies.,,,https://www.vcc1909.org/,https://www.vcc1909.org/,https://www.google.com/maps/search/?api=1&query=4602+N.+Virginia+Rd.%2C+Long+Beach%2C+CA+90807,,,,pending address/facility match,club-virginia-country-club
Griffin Club Los Angeles,club,Los Angeles,"3084 Motor Ave., Los Angeles, CA 90064",7,yes,Private members-only club; contact membership or schedule a tour.,,(310) 836-4400,https://griffinclubla.com/membership/,https://griffinclubla.com/membership/,https://www.google.com/maps/search/?api=1&query=3084+Motor+Ave.%2C+Los+Angeles%2C+CA+90064,,,,pending address/facility match,club-griffin-club-los-angeles
Los Angeles Tennis Club,club,Los Angeles,"5851 Clinton St., Los Angeles, CA 90004",16,unknown,Private membership club; contact membership for access.,,(323) 464-3195,https://www.latennisclub.com/,https://www.latennisclub.com/,https://www.google.com/maps/search/?api=1&query=5851+Clinton+St.%2C+Los+Angeles%2C+CA+90004,,,,pending address/facility match,club-los-angeles-tennis-club
Mulholland Tennis Club,club,Los Angeles,"2555 Crest View Dr., Los Angeles, CA 90046",7,yes,Private membership club; contact the club for access.,,(323) 244-2600,https://www.mulhollandtennisclub.com/,https://www.mulhollandtennisclub.com/,https://www.google.com/maps/search/?api=1&query=2555+Crest+View+Dr.%2C+Los+Angeles%2C+CA+90046,,,,pending address/facility match,club-mulholland-tennis-club
Riviera Tennis Club,club,Los Angeles,"1250 Capri Dr., Pacific Palisades, CA 90272",24,unknown,Private club; membership or guest access applies.,,,https://www.therivieracountryclub.com/tennis-club,https://www.therivieracountryclub.com/tennis-club,https://www.google.com/maps/search/?api=1&query=1250+Capri+Dr.%2C+Pacific+Palisades%2C+CA+90272,,,,pending address/facility match,club-riviera-tennis-club
Toluca Lake Tennis & Fitness Club,club,Los Angeles,"6711 Forest Lawn Dr., Los Angeles, CA 90068",6,unknown,Private club; membership or guest rules apply.,,,https://www.tltennisandfitness.com/,https://www.tltennisandfitness.com/,https://www.google.com/maps/search/?api=1&query=6711+Forest+Lawn+Dr.%2C+Los+Angeles%2C+CA+90068,,,,pending address/facility match,club-toluca-lake-tennis-fitness-club
San Marino Tennis Center,club,San Marino,"1196 St. Albans Rd., San Marino, CA 91108",,unknown,Membership/community tennis center; contact the foundation for access.,,,https://sanmarinotennis.org/,https://sanmarinotennis.org/,https://www.google.com/maps/search/?api=1&query=1196+St.+Albans+Rd.%2C+San+Marino%2C+CA+91108,,,,pending address/facility match,club-san-marino-tennis-center
Arroyo Seco Racquet Club,club,South Pasadena,"1055 Lohman Ln., South Pasadena, CA 91030",9,yes,Membership-based racquet club; contact the operator for access.,,,https://www.itennis.com/arroyo-seco-racquet-club/,https://www.itennis.com/arroyo-seco-racquet-club/,https://www.google.com/maps/search/?api=1&query=1055+Lohman+Ln.%2C+South+Pasadena%2C+CA+91030,,,,pending address/facility match,club-arroyo-seco-racquet-club
Live Oaks Tennis Association,club,South Pasadena,"1500 Oak Meadow Ln., South Pasadena, CA 91030",,unknown,Private neighborhood tennis association; membership rules apply.,,,https://liveoakstennis.com/,https://liveoakstennis.com/,https://www.google.com/maps/search/?api=1&query=1500+Oak+Meadow+Ln.%2C+South+Pasadena%2C+CA+91030,,,,pending address/facility match,club-live-oaks-tennis-association
Anaheim Tennis & Pickleball Center,pay,Anaheim,"975 S. State College Blvd., Anaheim, CA 92806",12,yes,"Public tennis center; court time, lessons, and programs available.",,(714) 991-9090,https://anaheimtenniscenter.com/,https://anaheimtenniscenter.com/,https://www.google.com/maps/search/?api=1&query=Anaheim+Tennis+%26+Pickleball+Center%2C+975+S.+State+College+Blvd.%2C+Anaheim%2C+CA+92806,Adjacent to Boysen Park.,,,pending address/facility match,pay-oc-anaheim-tennis-pickleball-center
Olive Hills Tennis Courts,open,Anaheim,"4200 E. Nohl Ranch Rd., Anaheim, CA 92807",6,no,Public courts.,,,,https://local.anaheim.net/comm_svc/parks/parkdetail.asp?dir=park_olive_hills_tennis_courts,https://www.google.com/maps/search/?api=1&query=Olive+Hills+Tennis+Courts%2C+4200+E.+Nohl+Ranch+Rd.%2C+Anaheim%2C+CA+92807,Six unlighted public courts.,,,pending address/facility match,open-oc-olive-hills-tennis-courts
Pearson Park Tennis Courts,open,Anaheim,"400 N. Harbor Blvd., Anaheim, CA 92805",,yes,Public park courts.,,,,https://www.anaheim.net/Facilities/Facility/Details/Pearson-Park-48,https://www.google.com/maps/search/?api=1&query=Pearson+Park+Tennis+Courts%2C+400+N.+Harbor+Blvd.%2C+Anaheim%2C+CA+92805,Lighted tennis courts.,,,pending address/facility match,open-oc-pearson-park-tennis-courts
Carbon Canyon Regional Park Tennis Courts,open,Brea,"4442 Carbon Canyon Rd., Brea, CA 92823",8,yes,Public regional-park courts; vehicle entry fee may apply.,7 AM-6 PM fall/winter; 7 AM-9 PM spring/summer.,(714) 973-3160,,https://ocparks.com/parks-trails/carbon-canyon-regional-park,https://www.google.com/maps/search/?api=1&query=Carbon+Canyon+Regional+Park+Tennis+Courts%2C+4442+Carbon+Canyon+Rd.%2C+Brea%2C+CA+92823,Eight lighted tennis courts.,,,pending address/facility match,open-oc-carbon-canyon-regional-park-tennis-courts
Ralph B. Clark Regional Park Tennis Courts,open,Buena Park,"8800 Rosecrans Ave., Buena Park, CA 90621",4,unknown,Public regional-park courts; vehicle entry fee may apply.,7 AM-6 PM fall/winter; 7 AM-9 PM spring/summer.,(714) 973-3170,,https://www.ocparks.com/clarkpark,https://www.google.com/maps/search/?api=1&query=Ralph+B.+Clark+Regional+Park+Tennis+Courts%2C+8800+Rosecrans+Ave.%2C+Buena+Park%2C+CA+90621,Four tennis courts.,,,pending address/facility match,open-oc-ralph-b-clark-regional-park-tennis-courts
Mile Square Regional Park Tennis Complex,open,Fountain Valley,"16801 Euclid St., Fountain Valley, CA 92708",,unknown,Public tennis complex in the city-operated recreation area.,7 AM-6 PM fall/winter; 7 AM-9 PM spring/summer.,(714) 973-6600,,https://www.ocparks.com/parks-trails/mile-square-regional-park,https://www.google.com/maps/search/?api=1&query=Mile+Square+Regional+Park+Tennis+Complex%2C+16801+Euclid+St.%2C+Fountain+Valley%2C+CA+92708,Tennis complex within the Fountain Valley recreation parcel.,,,pending address/facility match,open-oc-mile-square-regional-park-tennis-complex
Laguna Niguel Regional Park Tennis Courts,open,Laguna Niguel,"28241 La Paz Rd., Laguna Niguel, CA 92677",4,yes,Public regional-park courts; vehicle entry fee may apply.,7 AM-6 PM fall/winter; 7 AM-9 PM spring/summer.,(949) 923-2240,,https://www.ocparks.com/parks-trails/laguna-niguel-regional-park,https://www.google.com/maps/search/?api=1&query=Laguna+Niguel+Regional+Park+Tennis+Courts%2C+28241+La+Paz+Rd.%2C+Laguna+Niguel%2C+CA+92677,Four lighted tennis courts.,,,pending address/facility match,open-oc-laguna-niguel-regional-park-tennis-courts
Great Park Tennis Center,pay,Irvine,"8000 Great Park Blvd., Irvine, CA 92618",25,yes,Public tennis complex; programs and priority/reservation use may apply.,,(949) 724-6400,https://www.cityofirvine.org/tennis,https://www.cityofirvine.org/tennis,https://www.google.com/maps/search/?api=1&query=Great+Park+Tennis+Center%2C+8000+Great+Park+Blvd.%2C+Irvine%2C+CA+92618,Twenty-four courts plus a championship court.,,,pending address/facility match,pay-oc-great-park-tennis-center
Los Olivos Community Park Tennis Courts,open,Irvine,"101 Alfonso Dr., Irvine, CA 92618",3,unknown,Public community-park courts.,,(949) 724-6292,,https://webadmin.cityofirvine.org/civica/filebank/blobdload.asp?BlobID=31229,https://www.google.com/maps/search/?api=1&query=Los+Olivos+Community+Park+Tennis+Courts%2C+101+Alfonso+Dr.%2C+Irvine%2C+CA+92618,Three tennis courts; one has a hybrid pickleball overlay.,,,pending address/facility match,open-oc-los-olivos-community-park-tennis-courts
Blue Gum Park Tennis Courts,open,Irvine,"14 Aberdeen, Irvine, CA 92620",2,yes,Public neighborhood-park courts.,,,,https://www.cityofirvine.org/parks-facilities,https://www.google.com/maps/search/?api=1&query=Blue+Gum+Park+Tennis+Courts%2C+14+Aberdeen%2C+Irvine%2C+CA+92620,Two lighted tennis courts.,,,pending address/facility match,open-oc-blue-gum-park-tennis-courts
Edison Park Tennis Courts,open,Huntington Beach,"21377 Magnolia St., Huntington Beach, CA 92646",,yes,Public city courts; reservation options may be available.,Open for evening play to approximately 10 PM.,(714) 960-8870,,https://www.huntingtonbeachca.gov/departments/parks___recreation/parks___facilities/park_amenities.php,https://www.google.com/maps/search/?api=1&query=Edison+Park+Tennis+Courts%2C+21377+Magnolia+St.%2C+Huntington+Beach%2C+CA+92646,,,,pending address/facility match,open-oc-edison-park-tennis-courts
Green Park Tennis Courts,open,Huntington Beach,"17851 Seagate Dr., Huntington Beach, CA 92649",,yes,Public city courts.,Open for evening play to approximately 10 PM.,,,https://www.huntingtonbeachca.gov/departments/parks___recreation/parks___facilities/park_amenities.php,https://www.google.com/maps/search/?api=1&query=Green+Park+Tennis+Courts%2C+17851+Seagate+Dr.%2C+Huntington+Beach%2C+CA+92649,,,,pending address/facility match,open-oc-green-park-tennis-courts
LeBard Park Tennis Courts,open,Huntington Beach,"20461 Craimer Ln., Huntington Beach, CA 92646",,yes,Public city courts.,Open for evening play to approximately 10 PM.,,,https://www.huntingtonbeachca.gov/departments/parks___recreation/parks___facilities/park_amenities.php,https://www.google.com/maps/search/?api=1&query=LeBard+Park+Tennis+Courts%2C+20461+Craimer+Ln.%2C+Huntington+Beach%2C+CA+92646,,,,pending address/facility match,open-oc-lebard-park-tennis-courts
Marina Park Tennis Courts,open,Huntington Beach,"5562 Cross Dr., Huntington Beach, CA 92649",,yes,Public city courts.,Open for evening play to approximately 10 PM.,,,https://www.huntingtonbeachca.gov/departments/parks___recreation/parks___facilities/park_amenities.php,https://www.google.com/maps/search/?api=1&query=Marina+Park+Tennis+Courts%2C+5562+Cross+Dr.%2C+Huntington+Beach%2C+CA+92649,,,,pending address/facility match,open-oc-marina-park-tennis-courts
Murdy Park Tennis Courts,open,Huntington Beach,"7000 Norma Dr., Huntington Beach, CA 92647",4,yes,Public lighted courts; reservations available.,Evening play to approximately 10 PM.,(714) 960-8895,https://www.huntingtonbeachca.gov/business_detail_T9_R684.php,https://www.huntingtonbeachca.gov/business_detail_T9_R120.php,https://www.google.com/maps/search/?api=1&query=Murdy+Park+Tennis+Courts%2C+7000+Norma+Dr.%2C+Huntington+Beach%2C+CA+92647,Four lighted tennis courts.,,,pending address/facility match,open-oc-murdy-park-tennis-courts
Golden West College Tennis Courts,open,Huntington Beach,"15744 Goldenwest St., Huntington Beach, CA 92647",,yes,College courts listed by the city among local tennis facilities; verify current public access.,Evening lighting may be available.,(714) 892-7711,,https://www.huntingtonbeachca.gov/departments/parks___recreation/parks___facilities/park_amenities.php,https://www.google.com/maps/search/?api=1&query=Golden+West+College+Tennis+Courts%2C+15744+Goldenwest+St.%2C+Huntington+Beach%2C+CA+92647,,,,pending address/facility match,open-oc-golden-west-college-tennis-courts
Costa Mesa Tennis Center,pay,Costa Mesa,"880 Junipero Dr., Costa Mesa, CA 92626",12,yes,Public tennis center with court booking and programs.,Open daily; check current operating hours.,(714) 754-4894,https://www.costamesaca.gov/government/departments-and-divisions/parks-and-community-services/facilities/community-centers-golf-course-senior-center-tennis-center/costa-mesa-tennis-center,https://www.costamesaca.gov/government/departments-and-divisions/parks-and-community-services/facilities/community-centers-golf-course-senior-center-tennis-center/costa-mesa-tennis-center,https://www.google.com/maps/search/?api=1&query=Costa+Mesa+Tennis+Center%2C+880+Junipero+Dr.%2C+Costa+Mesa%2C+CA+92626,Twelve lighted courts.,,,pending address/facility match,pay-oc-costa-mesa-tennis-center
West Newport Park Tennis Courts,open,Newport Beach,"Seashore Dr. & Prospect St., Newport Beach, CA 92663",4,unknown,Public park courts.,,(949) 644-3151,,https://nbgis.newportbeachca.gov/RecFacilityImages/default.aspx?TAG=FACIL_061,https://www.google.com/maps/search/?api=1&query=West+Newport+Park+Tennis+Courts%2C+Seashore+Dr.+%26+Prospect+St.%2C+Newport+Beach%2C+CA+92663,,,,pending address/facility match,open-oc-west-newport-park-tennis-courts
Bonita Canyon Sports Park Tennis Courts,open,Newport Beach,"1990 Ford Rd., Newport Beach, CA 92660",2,unknown,Public park courts.,,(949) 644-3151,,https://nbgis.newportbeachca.gov/RecFacilityImages/default.aspx?TAG=FACIL_004,https://www.google.com/maps/search/?api=1&query=Bonita+Canyon+Sports+Park+Tennis+Courts%2C+1990+Ford+Rd.%2C+Newport+Beach%2C+CA+92660,,,,pending address/facility match,open-oc-bonita-canyon-sports-park-tennis-courts
San Joaquin Hills Park Tennis Courts,open,Newport Beach,"1550 Crown Dr. N., Newport Beach, CA 92660",4,unknown,Public park courts.,,(949) 644-3151,,https://nbgis.newportbeachca.gov/RecFacilityImages/default.aspx?TAG=FACIL_051,https://www.google.com/maps/search/?api=1&query=San+Joaquin+Hills+Park+Tennis+Courts%2C+1550+Crown+Dr.+N.%2C+Newport+Beach%2C+CA+92660,,,,pending address/facility match,open-oc-san-joaquin-hills-park-tennis-courts
Irvine Terrace Park Tennis Courts,open,Newport Beach,"721 Evita Dr., Newport Beach, CA 92625",2,unknown,Public park courts.,,(949) 644-3151,,https://nbgis.newportbeachca.gov/RecFacilityImages/default.aspx?TAG=FACIL_031,https://www.google.com/maps/search/?api=1&query=Irvine+Terrace+Park+Tennis+Courts%2C+721+Evita+Dr.%2C+Newport+Beach%2C+CA+92625,,,,pending address/facility match,open-oc-irvine-terrace-park-tennis-courts
Mariners Park Tennis Courts,open,Newport Beach,"1300 Irvine Ave., Newport Beach, CA 92660",2,unknown,Public park courts.,,(949) 644-3151,,https://nbgis.newportbeachca.gov/RecFacilityImages/default.aspx?TAG=FACIL_012,https://www.google.com/maps/search/?api=1&query=Mariners+Park+Tennis+Courts%2C+1300+Irvine+Ave.%2C+Newport+Beach%2C+CA+92660,,,,pending address/facility match,open-oc-mariners-park-tennis-courts
Fullerton Tennis Center,pay,Fullerton,"110 E. Valencia Mesa Dr., Fullerton, CA 92835",9,yes,Public tennis center; reservations and programs available.,Daily hours vary.,(714) 773-5776,https://www.cityoffullerton.com/government/departments/parks-recreation/facilities/tennis-center,https://www.cityoffullerton.com/government/departments/parks-recreation/facilities/tennis-center,https://www.google.com/maps/search/?api=1&query=Fullerton+Tennis+Center%2C+110+E.+Valencia+Mesa+Dr.%2C+Fullerton%2C+CA+92835,Nine lighted tennis courts.,,,pending address/facility match,pay-oc-fullerton-tennis-center
Veterans Sports Park Tennis Courts,pay,Tustin,"1645 Valencia Ave., Tustin, CA 92782",4,yes,Public courts; reservation fees apply for booked time.,Daily 6 AM-10 PM.,(714) 573-3326,https://www.tustinca.org/1141/Tennis-Courts,https://www.tustinca.org/1136/Veterans-Sports-Park,https://www.google.com/maps/search/?api=1&query=Veterans+Sports+Park+Tennis+Courts%2C+1645+Valencia+Ave.%2C+Tustin%2C+CA+92782,,,,pending address/facility match,pay-oc-veterans-sports-park-tennis-courts
Columbus Tustin Park Tennis Courts,open,Tustin,"14712 Prospect Ave., Tustin, CA 92780",4,yes,Public lighted park courts.,,(714) 573-3326,,https://www.tustinca.org/facilities/facility/details/Columbus-Tustin-Park-14,https://www.google.com/maps/search/?api=1&query=Columbus+Tustin+Park+Tennis+Courts%2C+14712+Prospect+Ave.%2C+Tustin%2C+CA+92780,,,,pending address/facility match,open-oc-columbus-tustin-park-tennis-courts
Tustin Sports Park Tennis Courts,open,Tustin,"12850 Robinson Dr., Tustin, CA 92782",,yes,Public park courts.,,(714) 573-3326,,https://www.tustinca.org/facilities/facility/details/Tustin-Sports-Park-23,https://www.google.com/maps/search/?api=1&query=Tustin+Sports+Park+Tennis+Courts%2C+12850+Robinson+Dr.%2C+Tustin%2C+CA+92782,,,,pending address/facility match,open-oc-tustin-sports-park-tennis-courts
Marguerite Tennis Pavilion,pay,Mission Viejo,"27474-1 Casta Del Sol, Mission Viejo, CA 92692",7,yes,Public municipal tennis facility; membership or day-use fees may apply.,Check current facility schedule.,(949) 859-4348,https://www.missionviejo.gov/places/recreational-centers/marguerite-tennis-pavilion,https://www.missionviejo.gov/places/recreational-centers/marguerite-tennis-pavilion,https://www.google.com/maps/search/?api=1&query=Marguerite+Tennis+Pavilion%2C+27474-1+Casta+Del+Sol%2C+Mission+Viejo%2C+CA+92692,Seven lighted tennis courts.,,,pending address/facility match,pay-oc-marguerite-tennis-pavilion
Felipe Tennis and Recreation Center,pay,Mission Viejo,"27161 Nogal, Mission Viejo, CA 92692",4,unknown,Public municipal facility; membership or day-use fees may apply.,Check current facility schedule.,(949) 859-4348,https://www.missionviejo.gov/places/recreational-centers/felipe-tennis-and-recreation-center,https://www.missionviejo.gov/places/recreational-centers/felipe-tennis-and-recreation-center,https://www.google.com/maps/search/?api=1&query=Felipe+Tennis+and+Recreation+Center%2C+27161+Nogal%2C+Mission+Viejo%2C+CA+92692,Four tennis courts plus pickleball and volleyball facilities.,,,pending address/facility match,pay-oc-felipe-tennis-and-recreation-center
